Nombre,Edad,Sexo,Estatus,Carrera,Residencia
Juan Pérez,21,M,Activo,Ingeniería,Ciudad de México
Ana Gómez,23,F,Inactivo,Medicina,Guadalajara
Carlos Rodríguez,20,M,Activo,Derecho,Monterrey
María Fernández,22,F,Activo,Psicología,Puebla
Luis Martínez,24,M,Inactivo,Contabilidad,Querétaro
Sofia Herrera,25,F,Activo,Arquitectura,Tijuana
Javier Sánchez,21,M,Activo,Biología,Mérida
Paula López,23,F,Inactivo,Comunicación,Cancún
Diego Torres,22,M,Activo,Economía,Guanajuato
Alejandra Ramírez,24,F,Activo,Ingeniería,Oaxaca
Pedro Mendoza,21,M,Inactivo,Medicina,Hermosillo
Laura Jiménez,25,F,Activo,Derecho,Morelia
Alejandro Vargas,23,M,Activo,Psicología,Toluca
Gabriela Morales,22,F,Inactivo,Contabilidad,Aguascalientes
Ricardo Nava,24,M,Activo,Arquitectura,Culiacán
Vanessa Díaz,20,F,Activo,Biología,Veracruz
Martín Ortega,21,M,Inactivo,Comunicación,Celaya
Karla Sosa,23,F,Activo,Economía,Tuxtla Gutiérrez
Andrés León,25,M,Activo,Ingeniería,Reynosa
Diana Varela,22,F,Inactivo,Medicina,Ciudad Juárez
Sergio Ríos,24,M,Activo,Derecho,Saltillo
Isabel Cervantes,21,F,Activo,Psicología,Tepic
Eduardo Díaz,23,M,Inactivo,Contabilidad,Chihuahua
Brenda Márquez,25,F,Activo,Arquitectura,Colima
Fernando Soto,22,M,Activo,Biología,Campeche
Valeria Paredes,24,F,Inactivo,Comunicación,Villahermosa
Marco Velázquez,23,M,Activo,Economía,Irapuato
Adriana Herrera,24,F,Activo,Ingeniería,La Paz
Raúl Martínez,21,M,Inactivo,Medicina,Durango
Sandra García,23,F,Activo,Derecho,Acapulco
Arturo Méndez,24,M,Activo,Psicología,Tampico
Natalia Cruz,20,F,Inactivo,Contabilidad,Tlaxcala
Germán Rivera,21,M,Activo,Arquitectura,Playa del Carmen
Lorena Mendoza,23,F,Activo,Biología,Tlalnepantla
Óscar Sánchez,25,M,Inactivo,Comunicación,Torreón
Mariana Pérez,22,F,Activo,Economía,Querétaro
Andrés Ramírez,24,M,Activo,Ingeniería,Pachuca
Ana Laura Gutiérrez,23,F,Inactivo,Medicina,Ciudad Obregón
Carlos Vázquez,24,M,Activo,Derecho,Pachuca
Laura Sánchez,22,F,Activo,Psicología,Ciudad Obregón
